ISIN CODE,NAME,No,Country of Domicile
ID1000066004,ASTRA AGRO LESTARI ,1,INDONESIA
ID1000125503,ASPIRASI HIDUP ,2,INDONESIA
ID1000111305,ALAMTRI RESOURCES ,3,INDONESIA
ID1000106701,AKR CORPORINDO ,4,INDONESIA
ID1000122807,ASTRA INTERNATIONAL ,5,INDONESIA
ID1000106602,ANEKA TAMBANG TBK PT ,6,INDONESIA
ID1000085707,BARITO PACIFIC ,7,INDONESIA
ID1000109507,BANK CENTRAL ASIA ,8,INDONESIA
ID1000094204,BANK DANAMON INDO ,9,INDONESIA
ID1000095003,BANK MANDIRI ,10,INDONESIA
ID1000068703,BUMI RESOURCES ,11,INDONESIA
ID1000096605,BANK NEGARA ,12,INDONESIA
ID1000118201,BANK RAKYAT INDO ,13,INDONESIA
ID1000110802,BUMI SERPONG DAMAI ,14,INDONESIA
ID1000113707,BANK TABUNGAN` ,15,INDONESIA
ID1000105604,GLOBAL ME ,16,INDONESIA
ID1000116700,INDOFOOD CBP SUKSES ,17,INDONESIA
ID1000106800,SEMEN INDONESIA ,18,INDONESIA
ID1000068604,GUDANG GARAM TBK ,19,INDONESIA
ID1000097405,INDOSAT TBK PT ,20,INDONESIA
ID1000109309,PT VALE IND ,21,INDONESIA
ID1000057003,INDOFOOD SUKSES ,22,INDONESIA
ID1000062201,INDAH KIAT PULP ,23,INDONESIA
ID1000074008,HANJAYA ,24,INDONESIA
ID1000061302,INDOCEMENT TUNG ,25,INDONESIA
ID1000108509,INDO TAMBANGRAYA ,26,INDONESIA
ID1000060403,PABRIK KERTAS TJIWI,27,INDONESIA
ID1000108103,JASA MARGA (PERSERO) ,28,INDONESIA
ID1000125107,KALBE FARMA TBK PT ,29,INDONESIA
ID1000113301,MATAHARI DEPARTMENT ,30,INDONESIA
ID1000106206,MEDIA NUSAN ,31,INDONESIA
ID1000111602,PERUSAHAAN GAS ,32,INDONESIA
ID1000122500,PAKUWON JATI ,33,INDONESIA
ID1000108905,LIPPO KARAWA ,34,INDONESIA
ID1000117708,CHAROEN POKPHAND ,35,INDONESIA
ID1000129000,TELKOM ,36,INDONESIA
ID1000125305,SURYA CITRA MEDIA ,37,INDONESIA
ID1000128804,SARANA MENARA ,38,INDONESIA
ID1000092406,SUMMARECON AGUNG ,39,INDONESIA
ID1000094006,BUKIT ASAM ,40,INDONESIA
ID1000116908,TOWER BERSAMA ,41,INDONESIA
ID1000095706,UNILEVER IND ,42,INDONESIA
ID1000058407,UNITED TRACTORS ,43,INDONESIA
ID1000126105,WASKITA KARYA ,44,INDONESIA
ID1000102502,PT XL AXIATA TBK ,45,INDONESIA
JP3122400009,ADVANTEST CORP ,46,JAPAN
JP3726800000,JAPAN TOBACCO INC. ,47,JAPAN
JP3111200006,ASAHI KASEI ,48,JAPAN
JP3108060009,ACCESS CO ,49,JAPAN
JP3108600002,ACOM CO LTD ,50,JAPAN
JP3131430005,"AEON MALL CO., LTD. ",51,JAPAN
JP3131400008,AEON FINANCIAL ,52,JAPAN
JP3112000009,AGC INC ,53,JAPAN
JP3105040004,AIFUL CORP ,54,JAPAN
JP3119600009,AJINOMOTO CO INC ,55,JAPAN
JP3117700009,MEBUKI FINANCIAL ,56,JAPAN
JP3126400005,ALPS ALPINE ,57,JAPAN
JP3126340003,ALFRESA HOLDINGS ,58,JAPAN
JP3122800000,AMADA CO LTD ,59,JAPAN
JP3429800000,ANA HOLDINGS INC ,60,JAPAN
JP3106200003,AOYAMA TRADING CO ,61,JAPAN
JP3711200000,AOZORA BANK LTD ,62,JAPAN
JP3768600003,HASEKO CORP ,63,JAPAN
JP3110650003,ASAHI INTECC CO ,64,JAPAN
JP3116000005,ASAHI GROUP ,65,JAPAN
JP3389900006,JAFCO GROUP CO LTD ,66,JAPAN
JP3172500005,AUTOBACS SEVEN CO ,67,JAPAN
JP3659200004,NISHIMATSU CONST. CO ,68,JAPAN
JP3937200008,AZBIL CORP ,69,JAPAN
JP3830000000,BROTHER INDUSTRIES ,70,JAPAN
JP3676800000,NISSHIN SEIFUN ,71,JAPAN
JP3161200005,EZAKI GLICO CO LTD ,72,JAPAN
JP3830800003,BRIDGESTONE CORP ,73,JAPAN
JP3289800009,"KOBE STEEL, LTD. ",74,JAPAN
JP3935600001,YAMAZAKI BAKING CO. ,75,JAPAN
JP3220580009,CALBEE ,76,JAPAN
JP3218900003,CAPCOM CO LTD ,77,JAPAN
JP3209000003,CASIO COMPUTER CO ,78,JAPAN
JP3424950008,TOKYO CENTURY CORP ,79,JAPAN
JP3511800009,"CHIBA BANK, LTD. ",80,JAPAN
JP3305530002,COMSYS HOLDINGS CORP ,81,JAPAN
JP3409000001,SUMITOMO REALTY/DEV. ,83,JAPAN
JP3526600006,CHUBU ELECTRIC POWER ,84,JAPAN
JP3242800005,CANON INC. ,85,JAPAN
JP3992400006,WACOAL HOLDINGS CORP ,86,JAPAN
JP3298000005,COSMO ENERGY HOLD ,87,JAPAN
JP3305960001,COLOPL INC ,88,JAPAN
JP3165700000,NTT DATA GROUP CORP ,89,JAPAN
JP3305990008,CONCORDIA F ,90,JAPAN
JP3519400000,CHUGAI PHARMAC ,91,JAPAN
JP3249600002,KYOCERA CORPORATION ,92,JAPAN
JP3243600008,CANON MARKETING ,93,JAPAN
JP3298400007,COSMOS PHARMACEUT ,94,JAPAN
JP3522200009,CHUGOKU ELECTRIC ,95,JAPAN
JP3352400000,CITIZEN WATCH CO LTD ,96,JAPAN
JP3528600004,CHIYODA CORP ,97,JAPAN
JP3311400000,CYBER AGENT INC ,98,JAPAN
JP3475350009,DAIICHI SANKYO ,99,JAPAN
JP3481800005,DAIKIN INDUSTRIES ,100,JAPAN
JP3440400004,DAIO PAPER CORP ,101,JAPAN
JP3548660004,DCM HOLDINGS ,102,JAPAN
JP3476480003,DAI-ICHI LIFE HOLD,103,JAPAN
JP3500610005,RESONA HOLDINGS INC ,104,JAPAN
JP3485800001,DAICEL CORP ,105,JAPAN
JP3496400007,KDDI CORP ,106,JAPAN
JP3551500006,DENSO CORP ,107,JAPAN
JP3548610009,DENA CO LTD ,108,JAPAN
JP3551520004,DENTSU GRO ,109,JAPAN
JP3497400006,DAIFUKU CO LTD ,110,JAPAN
JP3505000004,DAIWA HOUSE INDUSTRY ,111,JAPAN
JP3549070005,DIGITAL GARAGE INC ,112,JAPAN
JP3499800005,MITSUBISHI HC ,113,JAPAN
JP3548600000,DISCO CORPORATION ,114,JAPAN
JP3486800000,DAITO TRUST CONSTR. ,115,JAPAN
JP3491000000,DAIDO STEEL CO LTD ,116,JAPAN
JP3638600001,DOWA HOLDINGS CO ,117,JAPAN
JP3639650005,PAN PACIFIC ,118,JAPAN
JP3493800001,DAI NIPPON PRINTING ,119,JAPAN
JP3495000006,SUMITOMO PHARMA ,120,JAPAN
JP3336600006,SUNDRUG CO LTD ,121,JAPAN
JP3502200003,DAIWA SECURITIES ,122,JAPAN
JP3802400006,FANUC LTD. ,123,JAPAN
JP3046390005,DAIWA HOUSE REIT ,124,JAPAN
JP3311530004,CYBERDYNE INC ,125,JAPAN
JP3783600004,EAST JAPAN RAILWAY ,126,JAPAN
JP3166000004,EBARA CORP ,127,JAPAN
JP3549600009,DENKA CO LTD ,128,JAPAN
JP3164470001,EDION CORP ,129,JAPAN
JP3765400001,HOUSE SHOKUHIN ,130,JAPAN
JP3297000006,"KOKUYO CO., LTD. ",131,JAPAN
JP3419400001,SEKISUI CHEMICAL CO. ,132,JAPAN
JP3560800009,TOKAI CARBON CO. ,133,JAPAN
JP3402600005,SUMITOMO METAL MNG. ,134,JAPAN
JP3835620000,BENESSE HOLDING ,135,JAPAN
JP3164630000,SQUARE ENIX ,136,JAPAN
JP3494600004,SCREEN HOLDINGS ,137,JAPAN
JP3551200003,ELECTRIC POWER DEV ,138,JAPAN
JP3493400000,DIC CORPORATION ,139,JAPAN
JP3160400002,EISAI CO LTD ,140,JAPAN
JP3118000003,ASICS CORPORATION ,141,JAPAN
JP3820000002,FUJI ELECTRIC ,142,JAPAN
JP3814800003,SUBARU CORP ,143,JAPAN
JP3814000000,FUJIFILM HOLDINGS ,144,JAPAN
JP3818000006,FUJITSU LIMITED ,145,JAPAN
JP3827200001,FURUKAWA ELECTRIC CO ,146,JAPAN
JP3805010000,FUKUOKA FINANCIAL ,147,JAPAN
JP3816600005,FUJI SOFT INC ,148,JAPAN
JP3743000006,NH FOODS LTD ,149,JAPAN
JP3826800009,"FURUKAWA CO., LTD. ",150,JAPAN
JP3274070006,GREE HOLDINGS ,151,JAPAN
JP3811000003,FUJIKURA LTD. ,152,JAPAN
JP3235900002,GUNGHO ONLINE ENTMT ,153,JAPAN
JP3274150006,SHIP HEALTHCARE ,154,JAPAN
JP3742600004,"NHK SPRING CO., LTD. ",155,JAPAN
JP3274400005,GLORY LTD ,156,JAPAN
JP3047510007,GLP TOSHI HOJIN ,157,JAPAN
JP3276400003,GUNMA BANK LTD ,158,JAPAN
JP3385890003,GMO PAYMENT GATEWAY ,159,JAPAN
JP3452000007,TAIYO YUDEN CO. LTD. ,160,JAPAN
JP3385820000,GS YUASA CORP ,161,JAPAN
JP3270000007,KURITA WATER INDS. ,162,JAPAN
JP3275200008,GUNZE LTD ,163,JAPAN
JP3769000005,HACHIJUNI BANK LTD ,164,JAPAN
JP3788600009,"HITACHI, LTD. ",165,JAPAN
JP3766550002,HAKUHODO DY HLDGS ,166,JAPAN
JP3842400008,HOKUHOKU FIN GRP ,167,JAPAN
JP3783420007,"HIKARI TSUSHIN, INC. ",168,JAPAN
JP3160740001,HIS CO LTD ,169,JAPAN
JP3786200000,"HITACHI METALS, LTD. ",170,JAPAN
JP3774600005,H2O RETAILING CORP ,171,JAPAN
JP3774200004,HANKYU HANSHIN ,172,JAPAN
JP3854600008,"HONDA MOTOR CO., LTD ",173,JAPAN
JP3845400005,HOKURIKU ELEC. POWER ,174,JAPAN
JP3837800006,HOYA CORP ,175,JAPAN
JP3796150005,HIROGIN HOLDINGS ,176,JAPAN
JP3784600003,HISAMITSU PHARMA ,177,JAPAN
JP3845770001,HOSHIZAKI ,178,JAPAN
JP3787000003,HITACHI CONSTRUCTION ,179,JAPAN
JP3360800001,HULIC CO ,180,JAPAN
JP3850200001,HOKKAIDO ELECTRIC ,181,JAPAN
JP3906000009,MINEBEA MITSUMI INC ,182,JAPAN
JP3148800000,"IBIDEN CO., LTD. ",183,JAPAN
JP3142500002,IDEMITSU KOSAN CO ,184,JAPAN
JP3684000007,NITTO DENKO CORP ,185,JAPAN
JP3134800006,IHI CORP ,186,JAPAN
JP3131090007,IIDA GROUP ,187,JAPAN
JP3137200006,ISUZU MOTORS LIMITED ,188,JAPAN
JP3942600002,YAMAHA CORP ,189,JAPAN
JP3294460005,INPEX CORP ,190,JAPAN
JP3229400001,KANSAI PAINT CO. ,191,JAPAN
JP3143600009,ITOCHU CORP ,192,JAPAN
JP3152740001,ABC-MART INC,193,JAPAN
JP3143000002,ITO EN LTD ,194,JAPAN
JP3143900003,ITOCHU TECHNO-SOL,195,JAPAN
JP3164800009,NOK CORP ,196,JAPAN
JP3397200001,SUZUKI MOTOR CORP ,197,JAPAN
JP3389660006,JAPAN DIS ,199,JAPAN
JP3705200008,JAPAN AIRLINES ,200,JAPAN
JP3385980002,JSR CORP ,201,JAPAN
JP3151600008,IWATANI CORP ,202,JAPAN
JP3386030005,JFE HOLDINGS INC ,203,JAPAN
JP3725400000,ZEON CORP ,204,JAPAN
JP3667600005,JGC HOLDINGS CORP ,205,JAPAN
JP3946750001,JAPAN POST BAN ,206,JAPAN
JP3421100003,JAPAN PETROLEUM ,207,JAPAN
JP3752900005,JAPAN POST ,208,JAPAN
JP3233250004,JAPAN POST IN ,209,JAPAN
JP3040890000,JAPAN PRIME REALTY ,210,JAPAN
JP3582600007,TOKYO TATEMONO CO. ,211,JAPAN
JP3574200006,TOKYU CORPORATION ,212,JAPAN
JP3566800003,CENTRAL JAPAN ,213,JAPAN
JP3027680002,JAPAN REAL ESTATE ,214,JAPAN
JP3039710003,JAPAN METROPOL ,215,JAPAN
JP3896800004,MITSUBISHI GAS CHEM ,216,JAPAN
JP3388200002,AEON CO LTD ,217,JAPAN
JP3699400002,JAPAN AIRPORT TERM ,218,JAPAN
JP3717600005,NIPPON SHINYAKU CO. ,219,JAPAN
JP3721400004,JAPAN STEEL WORKS ,220,JAPAN
JP3386450005,ENEOS HOLDINGS ,221,JAPAN
JP3902000003,MITSUBISHI LOGISTICS ,222,JAPAN
JP3205800000,KAO CORP ,223,JAPAN
JP3206000006,KAKAKU.COM INC ,224,JAPAN
JP3258000003,KIRIN HOLDINGS CO ,225,JAPAN
JP3291200008,KOBE BUSSAN CO LTD ,226,JAPAN
JP3210200006,KAJIMA CORP ,227,JAPAN
JP3228600007,KANSAI ELEC. POWER ,228,JAPAN
JP3279400000,KEIHAN HOLDINGS ,229,JAPAN
JP3244800003,KEWPIE ,230,JAPAN
JP3236200006,KEYENCE CORP ,231,JAPAN
JP3246500007,KYUSHU FINANC ,232,JAPAN
JP3215800008,KANEKA CORP ,233,JAPAN
JP3256000005,KYOWA KIRIN CO LTD ,234,JAPAN
JP3280200001,KEIKYU CO ,235,JAPAN
JP3695200000,"NGK INSULATORS, LTD. ",236,JAPAN
JP3263000006,KINDEN CORP ,237,JAPAN
JP3260800002,KINTETSU GROUP HOLD ,238,JAPAN
JP3293200006,COCA-COLA BOTTLERS,239,JAPAN
JP3223800008,KAWASAKI KISEN ,240,JAPAN
JP3304200003,KOMATSU LTD. ,241,JAPAN
JP3219000001,"KAMIGUMI CO., LTD. ",242,JAPAN
JP3240400006,KIKKOMAN CORPORATION ,243,JAPAN
JP3868400007,MAZDA MOTOR CORP ,244,JAPAN
JP3301100008,KOBAYASHI PHARMA ,245,JAPAN
JP3283460008,KOEI TECMO HOLDINGS ,246,JAPAN
JP3305800009,KOMORI CORP ,247,JAPAN
JP3300200007,KONAMI GROUP CORP ,248,JAPAN
JP3300600008,KONICA MINOLTA INC ,249,JAPAN
JP3421800008,"SECOM CO., LTD. ",250,JAPAN
JP3247010006,KYUSHU RAILWAY CO ,251,JAPAN
JP3738600000,NITERRA ,252,JAPAN
JP3278600006,KEISEI ELECTRIC RAIL ,253,JAPAN
JP3277800003,KEIO CORP ,254,JAPAN
JP3253900009,KYORITSU MAINTENANCE ,255,JAPAN
JP3266400005,KUBOTA CORPORATION ,256,JAPAN
JP3224200000,KAWASAKI HEAVY INDS. ,257,JAPAN
JP3203500008,ONWARD HOLDINGS ,258,JAPAN
JP3979200007,LASERTEC CORPORATION ,260,JAPAN
JP3982100004,LAWSON INC ,261,JAPAN
JP3965400009,LION CORPORATION ,262,JAPAN
JP3626800001,LIXIL CORP ,263,JAPAN
JP3903000002,MITSUBISHI MATERIALS ,264,JAPAN
JP3733400000,NIPPON ELEC. GLASS ,265,JAPAN
JP3580200008,TOKYO SEIMITSU CO. ,266,JAPAN
JP3863800003,MATSUI SECURITIES ,267,JAPAN
JP3869010003,MATSUMOTOKIYOSHI ,268,JAPAN
JP3897700005,MITSUBISHI CHEM ,269,JAPAN
JP3870000001,MABUCHI MOTOR CO. ,270,JAPAN
JP3750500005,MCDONALD'S HOLDINGS ,271,JAPAN
JP3167500002,LEOPALACE21 CORP ,272,JAPAN
JP3899600005,MITSUBISHI ESTATE CO ,273,JAPAN
JP3268950007,MEDIPAL HOLDINGS ,274,JAPAN
JP3919200000,MEITEC GROUP ,275,JAPAN
JP3918000005,MEIJI HOLDINGS ,276,JAPAN
JP3921290007,MERCARI INC ,277,JAPAN
JP3888400003,MITSUI MINING ,278,JAPAN
JP3900000005,MITSUBISHI HEAVY IND ,279,JAPAN
JP3866800000,PANASONIC HOLDINGS ,280,JAPAN
JP3893200000,MITSUI FUDOSAN CO. ,281,JAPAN
JP3910660004,TOKIO MARINE ,282,JAPAN
JP3891600003,MITSUI E&S ,283,JAPAN
JP3885400006,MISUMI GROUP INC ,284,JAPAN
JP3902900004,MITSUBISHI UFJ FIN ,285,JAPAN
JP3880800002,"MIURA CO., LTD. ",286,JAPAN
JP3882750007,"MIXI, INC ",287,JAPAN
JP3885780001,MIZUHO FINANCIAL GRP ,288,JAPAN
JP3862400003,MAKITA CORPORATION ,289,JAPAN
JP3899800001,MITSUBISHI MOTORS ,290,JAPAN
JP3922950005,"MONOTARO, CO.,LTD ",291,JAPAN
JP3362700001,MITSUI OSK LINES ,292,JAPAN
JP3877600001,MARUBENI CORP ,293,JAPAN
JP3871200006,MARUICHI STEEL TUBE ,294,JAPAN
JP3890310000,MS&AD INSURANCE ,295,JAPAN
JP3893600001,"MITSUI & CO., LTD. ",296,JAPAN
JP3386380004,J FRONT RETAILIN ,297,JAPAN
JP3778630008,BANDAI NAMCO ,298,JAPAN
JP3651210001,NABTESCO CORPORATION ,299,JAPAN
JP3734800000,NIDEC CORP ,300,JAPAN
JP3653000004,NANKAI ELEC. RAILWAY ,301,JAPAN
JP3649800004,NAGOYA RAILROAD CO. ,302,JAPAN
JP3670800006,NISSAN CHEMICAL CORP ,303,JAPAN
JP3678000005,NISSHINBO HOLD ,304,JAPAN
JP3675600005,NISSIN FOODS HOLD ,305,JAPAN
JP3663900003,SOJITZ CORP ,306,JAPAN
JP3715200006,NIPPON SHOKUBAI CO. ,307,JAPAN
JP3732200005,NIPPON TELEVISION ,308,JAPAN
JP3733000008,NEC CORP ,309,JAPAN
JP3165000005,SOMPO HOLDINGS INC ,310,JAPAN
JP3762600009,NOMURA HOLDINGS INC ,311,JAPAN
JP3689050007,NIHON M&A CENTER INC ,312,JAPAN
JP3762800005,NOMURA RESEARCH ,313,JAPAN
JP3756600007,NINTENDO CO LTD ,314,JAPAN
JP3661800007,NICHICON CORP ,315,JAPAN
JP3723000000,NIPPN CORP ,316,JAPAN
JP3721600009,NIPPON PAPER ,317,JAPAN
JP3047550003,NIPPON PROLOGIS RE ,318,JAPAN
JP3749400002,NIPPON PAINT HOLD ,319,JAPAN
JP3672400003,NISSAN MOTOR CO. ,320,JAPAN
JP3762900003,NOMURA REAL ESTATE ,321,JAPAN
JP3048110005,NOMURA REAL ,322,JAPAN
JP3673600007,NIPRO CORP ,323,JAPAN
JP3720800006,NSK LTD ,324,JAPAN
JP3381000003,NIPPON STEEL CORP ,325,JAPAN
JP3165600002,NTN CORP ,326,JAPAN
JP3756100008,NITORI HOLDINGS ,327,JAPAN
JP3735400008,NIPPON TELEGRAPH ,328,JAPAN
JP3694400007,NIPPON KAYAKU CO. ,329,JAPAN
JP3940400009,YAMATO KOGYO CO. ,330,JAPAN
JP3758190007,NEXON CO LTD ,332,JAPAN
JP3753000003,NIPPON YUSEN K.K. ,333,JAPAN
JP3190000004,OBAYASHI CORP ,334,JAPAN
JP3027670003,NIPPON BUILDING FUND ,335,JAPAN
JP3173400007,"OBIC CO., LTD. ",336,JAPAN
JP3449020001,TAIHEIYO CEMENT CORP ,337,JAPAN
JP3292200007,JTEKT CORP ,338,JAPAN
JP3194800003,OKUMURA CORP ,339,JAPAN
JP3940000007,YAMATO HOLDINGS CO ,340,JAPAN
JP3174410005,OJI HOLDINGS ,341,JAPAN
JP3194000000,OKI ELECTRIC INDS. ,342,JAPAN
JP3201200007,OLYMPUS CORP ,343,JAPAN
JP3792600003,HINO MOTORS LTD ,344,JAPAN
JP3197800000,OMRON CORP ,345,JAPAN
JP3180400008,"OSAKA GAS CO., LTD. ",346,JAPAN
JP3689500001,ORACLE CORP. JAPAN ,347,JAPAN
JP3198900007,ORIENTAL LAND CO. ,348,JAPAN
JP3200450009,ORIX CORP ,349,JAPAN
JP3040880001,ORIX JREIT INC ,350,JAPAN
JP3283650004,KOSE CORP ,351,JAPAN
JP3183200009,JAPAN EXCHANGE ,352,JAPAN
JP3188220002,OTSUKA HOLDINGS ,353,JAPAN
JP3188200004,OTSUKA CORP ,354,JAPAN
JP3657400002,NIKON CORPORATION ,355,JAPAN
JP3172100004,OKUMA CORP ,356,JAPAN
JP3405400007,SUMITOMO HEAVY INDS. ,357,JAPAN
JP3780100008,"PARK24 CO., LTD. ",358,JAPAN
JP3320800000,SAPPORO HOLDINGS LTD ,359,JAPAN
JP3888300005,MITSUI CHEMICALS INC ,360,JAPAN
JP3836750004,PEPTIDREAM ,361,JAPAN
JP3284600008,"KOITO MFG. CO., LTD. ",362,JAPAN
JP3771800004,HAMAMATSU PHOTONICS ,363,JAPAN
JP3801600002,PIGEON CORP ,364,JAPAN
JP3170800001,OSG CORP ,365,JAPAN
JP3855900001,POLA ORBIS HOLDINGS ,366,JAPAN
JP3627000007,TODA CORP ,367,JAPAN
JP3197600004,ONO PHARMACEUTICAL ,368,JAPAN
JP3629000005,TOPPAN HOLDINGS INC ,369,JAPAN
JP3160670000,AIR WATER INC ,370,JAPAN
JP3967200001,RAKUTEN GROUP INC ,371,JAPAN
JP3637300009,TREND MICRO INCORP. ,372,JAPAN
JP3164720009,RENESAS ELECTRON ,373,JAPAN
JP3755200007,RELO GROUP INC ,374,JAPAN
JP3974450003,"RESORT TRUST, INC. ",375,JAPAN
JP3802300008,FAST RETAILING CO ,376,JAPAN
JP3571400005,TOKYO ELECTRON LTD. ,377,JAPAN
JP3973400009,"RICOH COMPANY, LTD. ",378,JAPAN
JP3970300004,RECRUIT HOLDINGS ,379,JAPAN
JP3977400005,RINNAI CORP ,380,JAPAN
JP3269600007,"KURARAY CO., LTD. ",381,JAPAN
JP3822000000,H.U. GROUP HOLDING ,382,JAPAN
JP3982800009,ROHM CO LTD ,383,JAPAN
JP3966800009,ROUND ONE CORP. ,384,JAPAN
JP3799000009,HIROSE ELECTRIC CO. ,385,JAPAN
JP3536150000,TSURUHA HOLDINGS INC ,386,JAPAN
JP3597800006,TOBU RAILWAY CO. ,387,JAPAN
JP3665200006,NICHIREI CORP ,388,JAPAN
JP3431300007,NXERA PHARMA CO ,389,JAPAN
JP3326410002,SANKYO CO LTD (6417) ,390,JAPAN
JP3344400001,SANWA HOLDINGS ,391,JAPAN
JP3336560002,SUNTORY BEVERAGE ,392,JAPAN
JP3401400001,SUMITOMO CHEMICAL CO ,393,JAPAN
JP3420600003,"SEKISUI HOUSE, LTD. ",394,JAPAN
JP3417200007,SEIBU HOLDINGS ,395,JAPAN
JP3271400008,CREDIT SAISON CO. ,396,JAPAN
JP3414750004,SEIKO EPSON ,397,JAPAN
JP3132600002,SENSHU IKEDA ,398,JAPAN
JP3419050004,SEGA SAMMY HLDNGS ,399,JAPAN
JP3422950000,SEVEN & I HLDGS CO ,400,JAPAN
JP3105220002,"SEVEN BANK, LTD. ",401,JAPAN
JP3436120004,SBI HOLDINGS INC ,402,JAPAN
JP3436100006,SOFTBANK GROUP CORP ,403,JAPAN
JP3686800008,NIPPON SHEET GLASS ,404,JAPAN
JP3162770006,SG HOLDINGS CO LTD ,405,JAPAN
JP3359600008,SHARP CORPOR ,406,JAPAN
JP3729000004,SBI SHINSEI BANK LTD ,407,JAPAN
JP3351600006,"SHISEIDO CO., LTD. ",408,JAPAN
JP3358200008,"SHIMAMURA CO., LTD. ",409,JAPAN
JP3358000002,SHIMANO INC. ,410,JAPAN
JP3398000004,"SUZUKEN CO., LTD. ",411,JAPAN
JP3350800003,SHIKOKU ELECTRIC PWR ,412,JAPAN
JP3329600005,SANKEN ELECTRIC CO. ,413,JAPAN
JP3914400001,MURATA MANUFACTURING ,414,JAPAN
JP3162600005,SMC CORP ,415,JAPAN
JP3890350006,SUMITOMO MITSUI ,416,JAPAN
JP3892100003,,417,JAPAN
JP3435750009,M3 INC ,418,JAPAN
JP3435000009,SONY GROUP CORP ,419,JAPAN
JP3732000009,SOFTBANK CORP ,420,JAPAN
JP3375800004,SHINKO ELECTRIC IND. ,421,JAPAN
JP3431900004,SOHGO SECURITY SERV ,422,JAPAN
JP3347200002,"SHIONOGI & CO., LTD. ",423,JAPAN
JP3343200006,SANRIO COMPANY LTD ,424,JAPAN
JP3352000008,SEVENTY-SEVEN BANK,425,JAPAN
JP3399400005,STANLEY ELECTRIC CO. ,426,JAPAN
JP3399310006,ZOZO INC ,427,JAPAN
JP3407400005,SUMITOMO ELECTRIC ,428,JAPAN
JP3400400002,SCSK CORP ,429,JAPAN
JP3411000007,"SURUGA BANK, LTD. ",430,JAPAN
JP3404200002,SUMITOMO RUBBER IND. ,431,JAPAN
JP3407200009,OSAKA TITANIUM ,432,JAPAN
JP3368000000,RESONAC HOLDINGS ,433,JAPAN
JP3358800005,SHIMIZU CORPORATION ,434,JAPAN
JP3463000004,TAKEDA PHAR CO LTD ,435,JAPAN
JP3539220008,T&D HOLDINGS INC ,436,JAPAN
JP3442850008,TAISHO PHARM. ,437,JAPAN
JP3443600006,TAISEI CORP ,438,JAPAN
JP3538800008,TDK CORP ,439,JAPAN
JP3585800000,TOKYO ELECTRIC POWER ,440,JAPAN
JP3546800008,TERUMO CORP ,441,JAPAN
JP3569200003,TOKYU FUDOSAN ,442,JAPAN
JP3588600001,TBS HOLDINGS INC ,443,JAPAN
JP3539250005,"THK CO., LTD. ",444,JAPAN
JP3600200004,"TOHO GAS CO., LTD. ",445,JAPAN
JP3566600007,TOKAI RIKA CO. LTD. ,446,JAPAN
JP3104890003,TIS INC ,447,JAPAN
JP3544000007,TEIJIN LIMITED ,448,JAPAN
JP3456000003,"TAKASHIMAYA CO., LTD ",449,JAPAN
JP3579800008,TOKYO STEEL MFG. CO. ,450,JAPAN
JP3547670004,PERSOL HOLDINGS ,451,JAPAN
JP3711600001,NIPPON SANSO ,452,JAPAN
JP3351100007,SYSMEX CORPORATION ,453,JAPAN
JP3619800000,"TOYOBO CO., LTD. ",454,JAPAN
JP3598600009,TOHO CO LTD (TOKYO) ,455,JAPAN
JP3602600003,TOHO HOLDINGS ,456,JAPAN
JP3625000009,TOKUYAMA CORPORATION ,457,JAPAN
JP3613000003,TOYO SUISAN KAISHA ,458,JAPAN
JP3596200000,TOTO LTD. ,459,JAPAN
JP3613400005,TOYO SEIKAN GROUP ,460,JAPAN
JP3621000003,TORAY INDUSTRIES ,461,JAPAN
JP3592200004,TOSHIBA CORPORATION ,462,JAPAN
JP3595200001,TOSOH CORP ,463,JAPAN
JP3535800001,TSUMURA & CO. ,464,JAPAN
JP3601800000,TOHO TITANIUM CO. ,465,JAPAN
JP3459600007,TAKARA HOLDING ,466,JAPAN
JP3634600005,TOYOTA INDUSTRIES ,467,JAPAN
JP3635400009,TOYOTA BOSHOKU CORP ,468,JAPAN
JP3634200004,TOYODA GOSEI CO. ,469,JAPAN
JP3633400001,TOYOTA MOTOR CORP ,470,JAPAN
JP3635000007,TOYOTA TSUSHO CORP ,471,JAPAN
JP3573000001,"TOKYO GAS CO., LTD. ",472,JAPAN
JP3158800007,UBE CORP ,473,JAPAN
JP3371200001,SHIN-ETSU CHEMICAL,474,JAPAN
JP3870400003,MARUI GROUP CO ,475,JAPAN
JP3404600003,SUMITOMO CORP ,476,JAPAN
JP3605400005,TOHOKU ELEC. POWER ,477,JAPAN
JP3902400005,MITSUBISHI ELECTRIC ,478,JAPAN
JP3322930003,SUMCO CORP ,479,JAPAN
JP3951600000,UNICHARM CORP ,480,JAPAN
JP3156400008,USHIO INC. ,481,JAPAN
JP3944130008,USS CO LTD ,482,JAPAN
JP3045540006,UNITED URBAN INVEST ,483,JAPAN
JP3246400000,KYUSHU ELECTRIC ,484,JAPAN
JP3196000008,ODAKYU ELECTRIC RAIL ,485,JAPAN
JP3819400007,FUJI MEDIA HOLDING ,486,JAPAN
JP3144000001,ITOCHU ENEX CO LTD ,487,JAPAN
JP3274280001,WELCIA HOLDINGS CO ,488,JAPAN
JP3659000008,WEST JAPAN RAILWAY ,489,JAPAN
JP3230600003,"KANDENKO CO., LTD. ",490,JAPAN
JP3955000009,YOKOGAWA ELECTRIC ,491,JAPAN
JP3336000009,SANTEN PHARMACEUT'L ,492,JAPAN
JP3939000000,YAMADA ,493,JAPAN
JP3931600005,YAKULT HONSHA CO. ,494,JAPAN
JP3930200005,YAOKO CO LTD ,495,JAPAN
JP3932000007,YASKAWA ELECTRIC ,496,JAPAN
JP3933800009,LY CORP ,497,JAPAN
JP3415400005,SEINO HOLDINGS CO ,498,JAPAN
JP3942800008,YAMAHA MOTOR CO. ,499,JAPAN
JP3935300008,YAMAGUCHI FINL GRP ,500,JAPAN
JP3976300008,RYOHIN KEIKAKU CO. ,501,JAPAN
JP3955800002,YOKOHAMA RUBBER CO ,502,JAPAN
JP3942400007,ASTELLAS PHARMA INC ,503,JAPAN
JP3400900001,SUMITOMO OSAKA CEM. ,505,JAPAN
JP3425000001,CENTRAL GLASS CO LTD ,506,JAPAN
JP3898400001,MITSUBISHI CORP ,507,JAPAN
JP3102000001,AISIN CORP ,508,JAPAN
JP3357200009,SHIMADZU CORP ,509,JAPAN
JP3894900004,ISETAN MITSUKOSHI ,510,JAPAN
HK0000069689,AIA GROUP LIMITED ,512,HONG KONG
HK0101000591,HANG LUNG PROPERTIES ,513,HONG KONG
KYG0535Q1331,ASMPT LTD ,514,HONG KONG
KYG1674K1013,BUDWEISER BREWING ,515,HONG KONG
HK0023000190,BANK OF EAST ASIA ,516,HONG KONG
HK0392044647,BEIJING ENTERPRISES ,517,HONG KONG
KYG4387E1070,HEALTH AND HA ,518,HONG KONG
HK2388011192,BOC HONG KONG ,519,HONG KONG
SG9999015267,BOC AVIATION LTD ,520,SINGAPORE
KYG126521064,BOSIDENG INTERNATIO ,521,HONG KONG
BMG1744V1037,CAFE DE CORAL ,522,HONG KONG
HK0293001514,CATHAY PACIFIC AIR ,523,HONG KONG
BMG1368B1028,BRILLIANCE ,524,HONG KONG
BMG210901242,CHINA WATER AFFAIRS ,525,HONG KONG
KYG2046Q1156,CHAODA MODERN ,526,HONG KONG
KYG2108Y1052,CHINA RESOURCES LAND ,527,HONG KONG
KYG2163M1033,CHINA EDUCATION ,528,HONG KONG
HK0257001336,CHINA EVERBRIGHT ,529,HONG KONG
KYG217651051,CK HUTCHISON ,530,HONG KONG
BMG2108M2182,CHINESE ESTATES HLDG ,531,HONG KONG
BMG2108V1019,CHINA ORIENTAL GROUP ,532,HONG KONG
HK0291001490,CHINA RESOURCES ,533,HONG KONG
KYG2112D1051,CHINA HIGH SPEED ,534,HONG KONG
HK0000055878,CHINA TAIPING INSU ,535,HONG KONG
BMG2178K1009,CK INFRASTRU ,536,HONG KONG
KYG2177B1014,CK ASSET HOLDINGS ,537,HONG KONG
HK0002007356,CLP HOLDINGS LTD ,538,HONG KONG
HK0119000674,POLY PROPERTY GR ,539,HONG KONG
HK0688002218,CHINA OVERSEAS LAND ,540,HONG KONG
KYG2118M1096,CHINA OVERSEAS PROP ,541,HONG KONG
HK2380027329,CHINA POWER INTN'L ,542,HONG KONG
KYG2113L1068,CHINA RES ,543,HONG KONG
HK2778034606,CHAMPION REIT ,544,HONG KONG
HK0836012952,CHINA HUARONG ,545,HONG KONG
KYG2116D1198,CHINA RESOURCES PHAR ,546,HONG KONG
HK0000311099,CHINA STATE CONSTN ,547,HONG KONG
KYG216771363,,548,HONG KONG
KYG211461085,CHOW TAI FOOK ,549,HONG KONG
HK1883037637,CITIC 1616 HOLDINGS ,550,HONG KONG
HK0308001558,CHINA TRAVEL INT'L ,551,HONG KONG
HK0440001847,DAH SING FINANCIAL ,553,HONG KONG
HK2356013600,DAH SING BANKING ,554,HONG KONG
KYG319891092,ESR GROUP LTD ,556,HONG KONG
HK0000077468,FAR EAST ,557,HONG KONG
HK0639031506,SHOUGANG ,558,HONG KONG
BMG2442N1048,COSCO SHIPPING ,559,HONG KONG
BMG348041077,FIRST PACIFIC CO LTD ,561,HONG KONG
HK0817039453,CHINA JINMAO ,562,HONG KONG
KYG3774X1088,GCL TECHNOLOGY ,563,HONG KONG
BMG6901M1010,GIORDANO INT'L LTD ,564,HONG KONG
HK0270001396,GUANGDONG INVESTMENT ,565,HONG KONG
BMG420981224,GUOCO GROUP LTD ,566,HONG KONG
BMG9880L1028,YUEXIU TRAN ,568,HONG KONG
HK0144000764,CHINA MERCHANTS PO ,569,HONG KONG
HK0012000102,HENDERSON LAND ,570,HONG KONG
KYG960071028,WH GROUP LTD ,571,HONG KONG
KYG451581055,HKBN LTD ,572,HONG KONG
HK0003000038,HONG KONG AND CHINA ,573,HONG KONG
HK0000179108,HK ELECTRIC ,574,HONG KONG
HK0006000050,POWER ASSETS ,575,HONG KONG
HK0388045442,HONG KONG EXCHANGES ,576,HONG KONG
HK0000093390,HKT TRUST ,577,HONG KONG
HK0004000045,WHARF HOLDINGS LTD ,578,HONG KONG
HK0010000088,HANG LUNG GROUP LTD ,579,HONG KONG
BMG4600H1198,HOPSON DEVELOPMENT ,580,HONG KONG
KYG8088A1168,SHENZHEN INV ,581,HONG KONG
HK0011000095,HANG SENG BANK LTD ,582,HONG KONG
KYG4672G1064,HUTCHISON TELECOM ,583,HONG KONG
HK0014000126,HYSAN DEVELOPMENT CO ,584,HONG KONG
KYG6771K1022,IGG INC ,585,SINGAPORE
HK0165000859,,586,HONG KONG
BMG0171W1055,ALIBABA PICTURES ,587,HONG KONG
BMG2109G1033,CHINA GAS HOLDINGS ,588,HONG KONG
KYG5139G1001,JIAYUAN INTERNATION ,589,HONG KONG
BMG5150J1577,JOHNSON ELECTRIC ,590,HONG KONG
BMG524401079,KERRY PROPERTIES LTD ,591,HONG KONG
KYG5257K1076,KINGBOARD LAMI ,592,HONG KONG
KYG525621408,KINGBOARD HOLDINGS ,593,HONG KONG
BMG524181036,KLN LOGISTICS ,594,HONG KONG
KYG548561284,LIFESTYLE INTN'L ,595,HONG KONG
KYG8406X1034,SSY GROUP LTD ,596,HONG KONG
KYG5427W1309,LEE & MAN PAPER MFG ,597,HONG KONG
BMG2113B1081,,598,HONG KONG
HK0823032773,LINK REIT ,599,HONG KONG
KYG3777B1032,GEELY AUTOMOBILE ,600,HONG KONG
BMG4404N1149,CHINA RUYI HLDG ,601,HONG KONG
HK0200030994,MELCO INT'L DEV'T ,602,HONG KONG
KYG210961051,CHINA MENGNIU DAIRY ,603,HONG KONG
HK0066009694,MTR CORPORATION LTD ,604,HONG KONG
BMG653181005,NINE DRAGONS PAPER ,605,HONG KONG
HK0000608585,NEW WORLD DEV'T ,606,HONG KONG
BMG677491539,ORIENT OVERSEAS ,607,HONG KONG
KYG8972T1067,TG SMART ENERGY ,608,HONG KONG
BMG668971101,CTF SERVICES LTD ,609,HONG KONG
BMG6260K1595,MONGOLIA ,610,HONG KONG
BMG5320C1082,KUNLUN ENERGY ,611,HONG KONG
BMG684371393,PACIFIC BASIN SHIP ,612,HONG KONG
HK0027032686,GALAXY ENT GRP LTD ,613,HONG KONG
BMG1985B1138,C C LAND HOLDINGS ,614,HONG KONG
KYG7814S1021,SA SA INTERNATIONAL ,615,HONG KONG
KYG8167W1380,SINO BIOPHARMCL ,616,HONG KONG
BMG2154F1095,CHINA FOODS LTD ,617,HONG KONG
HK0000065737,CHINA OVERSEAS G ,618,HONG KONG
BMG8086V1467,SHENZHEN INT'L HLDG ,619,HONG KONG
KYG810431042,SHIMAO GROUP ,620,HONG KONG
HK0016000132,SUN HUNG KAI ,621,HONG KONG
BMG0171K1018,ALIBABA HEALTH ,622,HONG KONG
HK0242001243,SHUN TAK HLDGS LTD ,623,HONG KONG
HK0604011236,SHENZHEN INVESTMENT ,624,HONG KONG
KYG8187G1055,SITC INTERNATIONAL ,625,HONG KONG
BMG8165U1009,SINOPEC KANTONS ,626,HONG KONG
HK0083000502,SINO LAND COMPANY ,627,HONG KONG
BMG4639H1227,HUABAO INT'L HLDGS ,628,HONG KONG
HK0363006039,SHANGHAI INDUSTRIAL ,629,HONG KONG
HK0880043028,SJM HOLDINGS LIMITED ,630,HONG KONG
BMG8181C1001,SKYWORTH GR ,631,HONG KONG
BMG8063F1068,SHANGRI ,632,HONG KONG
BMG5266H1034,KINGSTON FINANCIAL ,633,HONG KONG
HK0000063609,SWIRE PROPERTIES ,634,HONG KONG
HK0019000162,SWIRE PACIFIC LTD ,635,HONG KONG
BMG2164J1099,YOUZAN TECHNO ,636,HONG KONG
BMG4232X1020,HAITONG INTL SEC ,637,HONG KONG
HK0008011667,PCCW LTD ,638,HONG KONG
HK0669013440,TECHTRONIC INDUS ,639,HONG KONG
HK0000139300,TELEVISION BROADCAST ,640,HONG KONG
HK0000049939,CHINA UNICOM ,641,HONG KONG
KYG9361V1086,VINDA INTERNATIONAL ,642,HONG KONG
HK0345001611,VITASOY INTERNAT ,643,HONG KONG
BMG9400S1329,VTECH HOLDINGS LTD ,644,HONG KONG
BMG0957L1090,,645,HONG KONG
BMG8403G1033,SINOFERT HOLDINGS ,647,HONG KONG
HK0000056256,CHINA TRADITIONAL ,648,HONG KONG
KYG9593A1040,WHA ,649,HONG KONG
KYG450481083,HENGDELI HOLD ,650,HONG KONG
KYG9828G1082,XINYI GLASS HLDGS ,651,HONG KONG
BMG988031446,YUE YUEN INDUSTRIAL ,652,HONG KONG
KR7000810002,SAMSUNG FIRE & MARIN ,653,SOUTH KOREA
KR7196170005,ALTEOGEN INC ,654,SOUTH KOREA
KR7090430000,AMOREPACIFIC ,655,SOUTH KOREA
KR7011210002,HYUNDAI WIA CORP ,656,SOUTH KOREA
KR7241560002,DOOSAN BOBCAT ,657,SOUTH KOREA
KR7207940008,SAMSUNG BIOLOGICS ,658,SOUTH KOREA
KR7027410000,BGF CO LTD ,659,SOUTH KOREA
KR7282330000,BGF RETAIL CO LTD ,660,SOUTH KOREA
KR7034730002,SK INC ,661,SOUTH KOREA
KR7030000004,CHEIL WORLDWIDE INC ,662,SOUTH KOREA
KR7267270007,HD HYUNDAI CONSTR ,663,SOUTH KOREA
KR7001040005,CJ CORP ,664,SOUTH KOREA
KR7097950000,CJ CHEILJEDANG CORP ,665,SOUTH KOREA
KR7091990002,CELLTRION HEALTHCARE ,666,SOUTH KOREA
KR7028260008,SAMSUNG C&T ,667,SOUTH KOREA
KR7026960005,DONG SUH COMPANIES ,668,SOUTH KOREA
KR7012510004,DOUZONE BIZON CO LTD ,669,SOUTH KOREA
KR7071050009,KOREA INV HLDGS ,670,SOUTH KOREA
KR7001800002,ORION HOLDINGS CORP ,671,SOUTH KOREA
KR7001230002,DONGKUK HOLDINGS ,672,SOUTH KOREA
KR7000210005,DL HOLDINGS ,673,SOUTH KOREA
KR7042670000,HD HYUNDAI ,674,SOUTH KOREA
KR7003470002,YUANTA SECURITIES ,675,SOUTH KOREA
KR7006800007,MIRAE ASSET ,676,SOUTH KOREA
KR7035720002,KAKAO CORP ,677,SOUTH KOREA
KR7004800009,HYOSUNG CORP ,678,SOUTH KOREA
KR7139480008,E-MART INC,679,SOUTH KOREA
KR7081660003,MISTO HOLDINGS ,680,SOUTH KOREA
KR7010120004,LS ELECTRIC CO ,681,SOUTH KOREA
KR7086280005,HYUNDAI GLOVIS ,682,SOUTH KOREA
KR7007070006,GS RET ,683,SOUTH KOREA
KR7078930005,GS HOLDINGS CORP ,684,SOUTH KOREA
KR7006260004,LS CORPORATION ,685,SOUTH KOREA
KR7012330007,HYUNDAI MOBIS ,686,SOUTH KOREA
KR7018880005,HANON SYSTEMS ,687,SOUTH KOREA
KR7294870001,HDC HY ,688,SOUTH KOREA
KR7000720003,HYUNDAI ENGINEERING ,689,SOUTH KOREA
KR7069960003,HYUNDAI DEPARTMENT ,690,SOUTH KOREA
KR7005380001,HYUNDAI MOTOR CO ,691,SOUTH KOREA
KR7009240003,HANSSEM CO. ,692,SOUTH KOREA
KR7086790003,HANA FINANCIAL GROUP ,693,SOUTH KOREA
KR7057050007,HYUNDAI HOME ,694,SOUTH KOREA
KR7097230007,HJSC ,695,SOUTH KOREA
KR7000240002,HANKOOK TECH ,696,SOUTH KOREA
KR7008560005,MERITZ SECURITIES CO ,697,SOUTH KOREA
KR7011200003,HMM CO LTD ,698,SOUTH KOREA
KR7020000006,HANDSOME ,699,SOUTH KOREA
KR7010620003,HD HYUNDAI MIPO ,700,SOUTH KOREA
KR7008930000,HANMI SCIENCE CO ,701,SOUTH KOREA
KR7001450006,HYUNDAI M & F INS. ,702,SOUTH KOREA
KR7011170008,LOTTE CHEMICAL CORP ,703,SOUTH KOREA
KR7128940004,HANMI PHARMACEUTICAL ,704,SOUTH KOREA
KR7009540006,HD KOREA SHIP ,705,SOUTH KOREA
KR7009830001,HANWHA SOLUTIONS ,706,SOUTH KOREA
KR7012630000,HDC HOLDINGS CO LTD ,707,SOUTH KOREA
KR7000660001,SK HYNIX INC ,708,SOUTH KOREA
KR7024110009,IND BANK OF KOREA ,709,SOUTH KOREA
KR7004020004,HYUNDAI STEEL CO ,710,SOUTH KOREA
KR7214320004,INNOCEAN WORLD ,711,SOUTH KOREA
KR7175330000,JB FINANCIAL GROUP ,712,SOUTH KOREA
KR7000080002,HITEJINRO CO LTD ,713,SOUTH KOREA
KR7066570003,LG ELECTRONICS INC ,714,SOUTH KOREA
KR7215600008,SILLAJEN INC ,715,SOUTH KOREA
KR7054950001,JVM CO LTD ,716,SOUTH KOREA
KR7003490000,KOREAN AIR LINES CO ,717,SOUTH KOREA
KR7005830005,DB INSURANCE CO LTD ,718,SOUTH KOREA
KR7000270009,KIA CORP ,719,SOUTH KOREA
KR7015760002,KOREA ELECTRIC POWER ,720,SOUTH KOREA
KR7004000006,LOTTE FINE CHEMICAL ,721,SOUTH KOREA
KR7105560007,KB FINANCIAL GROUP ,722,SOUTH KOREA
KR7034020008,DOOSAN ENERBILITY ,723,SOUTH KOREA
KR7002380004,KCC CORP ,724,SOUTH KOREA
KR7011780004,KUMHO PETRO ,725,SOUTH KOREA
KR7088350004,HANWHA LIFE INS ,726,SOUTH KOREA
KR7032500001,KMW CO LTD ,727,SOUTH KOREA
KR7003690005,KOREAN REINSURANCE ,728,SOUTH KOREA
KR7051600005,KEPCO PLANT ,729,SOUTH KOREA
KR7028300002,HLB INC ,730,SOUTH KOREA
KR7000880005,HANWHA CORP ,731,SOUTH KOREA
KR7036460004,KOREAGASCORP ,732,SOUTH KOREA
KR7000120006,CJ LOGISTICS CORP ,733,SOUTH KOREA
KR7010130003,KOREA ZINC INC ,734,SOUTH KOREA
KR7010060002,OCI HOLDINGS ,735,SOUTH KOREA
KR7033780008,KT & G CORP ,736,SOUTH KOREA
KR7030200000,KT CORP ,737,SOUTH KOREA
KR7035250000,KANGWON LAND INC ,738,SOUTH KOREA
KR7005300009,LOTTE CHILSUNG BEVER ,739,SOUTH KOREA
KR7051910008,LG CHEM LTD ,740,SOUTH KOREA
KR7006360002,GS ENGINEERING ,741,SOUTH KOREA
KR7003550001,LG CORP ,742,SOUTH KOREA
KR7093050003,LF CORP ,743,SOUTH KOREA
KR7032640005,LG UPLUS CORP ,744,SOUTH KOREA
KR7034220004,"LG DISPLAY CO., LTD. ",745,SOUTH KOREA
KR7011070000,LG INNOTEK CO ,746,SOUTH KOREA
KR7051900009,LG H&H CO LTD ,747,SOUTH KOREA
KR7028150001,GS HOME SHOPPING INC ,748,SOUTH KOREA
KR7285130001,SK CHEMICALS CO LTD ,749,SOUTH KOREA
KR7004990008,LOTTE CORP ,750,SOUTH KOREA
KR7023530009,LOTTE SHOPPING ,751,SOUTH KOREA
KR7005940002,NH INVESTMENT ,752,SOUTH KOREA
KR7068760008,CELLTRION PHARM INC ,753,SOUTH KOREA
KR7060980000,HL HOLDINGS CORP ,754,SOUTH KOREA
KR7204320006,HL MANDO CORP ,755,SOUTH KOREA
KR7086900008,MEDYTOX INC ,756,SOUTH KOREA
KR7036570000,NCSOFT CORP ,757,SOUTH KOREA
KR7035420009,NAVER CORP ,758,SOUTH KOREA
KR7004370003,"NONGSHIM CO., LTD. ",759,SOUTH KOREA
KR7251270005,NETMARBLE CORP ,760,SOUTH KOREA
KR7000060004,MERITZ FIRE & MARINE ,761,SOUTH KOREA
KR7271560005,ORION ,762,SOUTH KOREA
KR7047050000,POSCO INTERNATIONAL ,763,SOUTH KOREA
KR7000150003,DOOSAN CORP ,764,SOUTH KOREA
KR7161390000,HANKOOK ,765,SOUTH KOREA
KR7068270008,"CELLTRION, INC. ",766,SOUTH KOREA
KR7042660001,HANWHA OCEAN CO LTD ,767,SOUTH KOREA
KR7007310006,OTOKI CORP ,768,SOUTH KOREA
KR7034230003,PARADISE COMPANY ,769,SOUTH KOREA
KR7002790004,AMOREPACIFIC GROUP ,770,SOUTH KOREA
KR7005490008,POSCO HOLDINGS INC ,771,SOUTH KOREA
KR7003670007,POSCO FUTURE ,772,SOUTH KOREA
KR7267250009,HD HYUNDAI CO LTD ,773,SOUTH KOREA
KR7096770003,SK ENERGY ,774,SOUTH KOREA
KR7012750006,S-1 CORP,775,SOUTH KOREA
KR7006400006,SAMSUNG SDI CO LTD ,776,SOUTH KOREA
KR7009150004,SAMSUNG ELECTRO-MECH,777,SOUTH KOREA
KR7056190002,SFA ENGINEERING ,778,SOUTH KOREA
KR7032830002,SAMSUNG LIFE ,779,SOUTH KOREA
KR7012450003,HANWHA AEROSP ,780,SOUTH KOREA
KR7004170007,SHINSEGAE ,781,SOUTH KOREA
KR7028050003,SAMSUNG E&A CO ,782,SOUTH KOREA
KR7001740000,SK NETWORKS CO ,783,SOUTH KOREA
KR7005930003,SAMSUNG ELECTRONICS ,784,SOUTH KOREA
KR7055550008,SHINHAN FINANCIAL GR ,785,SOUTH KOREA
KR7008770000,HOTEL SHILLA CO. ,786,SOUTH KOREA
KR7011790003,"SKC CO., LTD. ",787,SOUTH KOREA
KR7017670001,SK TELECOM CO LTD ,788,SOUTH KOREA
KR7010140002,SAMSUNG HEAVY IND ,789,SOUTH KOREA
KR7035760008,CJ ENM CO LTD ,790,SOUTH KOREA
KR7019170000,SHIN POONG PHARM. ,791,SOUTH KOREA
KR7028670008,PAN OCEAN CO ,792,SOUTH KOREA
KR7029780004,SAMSUNG CARD CO LTD ,793,SOUTH KOREA
KR7010950004,S-OIL CORP,794,SOUTH KOREA
KR7016360000,SAMSUNG SECURITIES ,795,SOUTH KOREA
KR7046890000,SEOUL SEMICONDUCTOR ,796,SOUTH KOREA
KR7018260000,SAMSUNG SDS CO LTD ,797,SOUTH KOREA
KR7084990001,HELIXMITH CO LTD ,798,SOUTH KOREA
KR7316140003,WOORI FINA ,799,SOUTH KOREA
KR7021240007,COWAY CO ,800,SOUTH KOREA
KR7047040001,DAEWOO ENGINEERING ,801,SOUTH KOREA
KR7000100008,YUHAN CORP ,802,SOUTH KOREA
KR7111770004,YOUNGONE CORP ,803,SOUTH KOREA
KR7263750002,PEARLABYSS CORP ,804,SOUTH KOREA
KR7138930003,BNK FINANCIAL ,805,SOUTH KOREA
KR7047810007,KOREA AEROSPACE ,806,SOUTH KOREA
KR7139130009,DGB FINANCIAL ,807,SOUTH KOREA
KR7181710005,NHN CORP ,808,SOUTH KOREA
KR7071840003,LOTTE HIMART CO LTD ,809,SOUTH KOREA
MYL6399OO009,ASTRO MALAYSIA ,810,MALAYSIA
MYL5657OO001,PARKSON HOLDINGS ,811,MALAYSIA
MYL1015OO006,AMMB HOLDINGS BERHAD ,812,MALAYSIA
MYL5210OO009,BUMI ARMADA BHD ,813,MALAYSIA
MYL2291OO002,GENTING PLANTATIONS ,814,MALAYSIA
MYL5099OO006,CAPITAL A BERHAD ,815,MALAYSIA
MYL5248OO009,BERMAZ AUTO BHD ,816,MALAYSIA
MYL3395OO000,BERJAYA CORP ,817,MALAYSIA
MYL1562OO007,SPORTS TOTO BHD ,818,MALAYSIA
MYL1818OO003,BURSA MALAYSIA BHD ,819,MALAYSIA
MYL2836OO004,CARLSBERG BREWERY ,820,MALAYSIA
MYL1023OO000,CIMB GROUP HOLDIN ,821,MALAYSIA
MYL7277OO006,DIALOG GROUP BERHAD ,822,MALAYSIA
MYL3034OO005,HAP SENG CONSOLIDATE ,823,MALAYSIA
MYL5222OO004,FGV HOLDINGS BHD ,824,MALAYSIA
MYL5398OO002,GAMUDA BERHAD ,825,MALAYSIA
MYL3182OO002,GENTING BHD ,826,MALAYSIA
MYL5168OO009,HARTALEGA HOLDINGS ,827,MALAYSIA
MYL5819OO007,HONG LEONG BANK BHD ,828,MALAYSIA
MYL1082OO006,HONG LEONG FIN ,829,MALAYSIA
MYL5225OO007,IHH HEALTHCARE ,830,MALAYSIA
MYL3336OO004,IJM CORPORATION BHD ,831,MALAYSIA
MYL1961OO001,IOI CORPORATION BHD ,832,MALAYSIA
MYL5249OO007,IOI PROPERTIES GROUP ,833,MALAYSIA
MYL2445OO004,KUALA LUMPUR KEPONG ,834,MALAYSIA
MYL7153OO009,KOSSAN RUBBER ,835,MALAYSIA
MYL3794OO004,MALAYAN CEMENT BHD ,836,MALAYSIA
MYL5014OO005,MALAYSIA AIRPORTS ,837,MALAYSIA
MYL1155OO000,MALAYAN BANKING BHD ,838,MALAYSIA
MYL6012OO008,MAXIS BHD ,839,MALAYSIA
MYL3816OO005,MISC BHD ,840,MALAYSIA
MYL3689OO006,FRASER & NEAVE ,841,MALAYSIA
MYL2194OO008,MMC CORPORATION BHD ,842,MALAYSIA
MYL5186OO001,MALAYSIA MARINE ,843,MALAYSIA
MYL4502OO000,MEDIA PRIMA BHD ,844,MALAYSIA
MYL6947OO005,CELCOMDIGI BHD ,845,MALAYSIA
MYQ0138OO006,MY E.G. SERVICES BHD ,846,MALAYSIA
MYL2488OO004,ALLIANCE BANK MALA ,847,MALAYSIA
MYL4707OO005,NESTLE (MALAYSIA) ,848,MALAYSIA
MYL1295OO004,PUBLIC BANK BHD ,849,MALAYSIA
MYL5183OO008,PETRONAS CHEMICALS ,850,MALAYSIA
MYL4065OO008,PPB GROUP BHD ,851,MALAYSIA
MYL5681OO001,PETRONAS DAGANGAN ,852,MALAYSIA
MYL6033OO004,PETRONAS GAS BERHAD ,853,MALAYSIA
MYL8869OO009,PRESS METAL ALUM ,854,MALAYSIA
MYL7084OO006,QL RESOURCES BHD ,855,MALAYSIA
MYL4715OO008,GENTING MALAYSIA BER ,856,MALAYSIA
MYL1066OO009,RHB BANK BHD ,857,MALAYSIA
MYL4162OO003,BRITISH AMERICAN ,858,MALAYSIA
MYL5218OO002,SAPURA ENERGY BHD ,859,MALAYSIA
MYL5285OO001,SD GUTHRIE BHD ,860,MALAYSIA
MYL4197OO009,SIME DARBY BHD ,861,MALAYSIA
MYL5288OO005,SIME DARBY ,862,MALAYSIA
MYL8664OO004,S P SETIA BHD ,863,MALAYSIA
MYL5347OO009,TENAGA NASIONAL BHD ,864,MALAYSIA
MYL4863OO006,TELEKOM MALAYSIA BHD ,865,MALAYSIA
MYL6888OO001,AXIATA GROUP ,866,MALAYSIA
MYL7113OO003,TOP GLOVE CORP ,867,MALAYSIA
MYL5148OO001,UEM SUNRISE ,868,MALAYSIA
MYL4588OO009,UMW HOLDINGS BERHAD ,869,MALAYSIA
MYL7106OO007,SUPERMAX CORP BHD ,870,MALAYSIA
MYL5246OO003,WESTPORTS HOLD ,871,MALAYSIA
MYL4677OO000,YTL CORPORATION BHD ,872,MALAYSIA
MYL6742OO000,YTL POWER INT'L BHD ,873,MALAYSIA
PHY0486V1154,AYALA CORP ,874,PHILIPPINES
PHY003341054,ALLIANCE GLOBAL ,875,PHILIPPINES
PHY0488F1004,"AYALA LAND, INC. ",876,PHILIPPINES
PHY0005M1090,ABOITIZ POWER CORP ,877,PHILIPPINES
PHY0001Z1040,ABOITIZ EQUITY ,878,PHILIPPINES
PHY077751022,BDO UNIBANK ,879,PHILIPPINES
PHY0967S1694,BANK OF THE PHIL. ,880,PHILIPPINES
PHY2088F1004,DMCI HOLDINGS ,881,PHILIPPINES
PHY272571498,GLOBE TELECOM INC. ,882,PHILIPPINES
PHY290451046,GT CAPITAL ,883,PHILIPPINES
PHY411571011,INT'L CONTAINER ,884,PHILIPPINES
PHY4466S1007,JOLLIBEE FOODS CORP ,885,PHILIPPINES
PHY444251177,"JG SUMMIT HLDGS, INC ",886,PHILIPPINES
PHY594811127,MEGAWORLD CORP ,887,PHILIPPINES
PHY603051020,METRO PACIFIC INVEST ,888,PHILIPPINES
PHY5764J1483,MANILA ELECTRIC CO. ,889,PHILIPPINES
PHY6028G1361,METROPOLITAN BANK ,890,PHILIPPINES
PHY569991086,MANILA WATER CO ,891,PHILIPPINES
PHY7072Q1032,PLDT INC ,892,PHILIPPINES
PHY716171079,PUREGOLD PRIC ,893,PHILIPPINES
PHY731961264,ROBINSONS LAND CORP ,894,PHILIPPINES
PHY7571C1000,SECURITY BANK ,895,PHILIPPINES
PHY751061151,SAN MIGUEL CORP ,896,PHILIPPINES
PHY8076N1120,SM PRIME HOLDINGS ,897,PHILIPPINES
PHY806761029,SM INVESTMENTS CORP ,898,PHILIPPINES
PHY9297P1004,UNIVERSAL ROBINA ,899,PHILIPPINES
TH3437010004,ASIA AVIATION PCL ,900,THAILAND
TH8906010005,ABSOLUTE CLEAN ,901,THAILAND
TH0765010Z08,AIRPORTS OF THAILAND ,902,THAILAND
TH0268010Z03,ADV INFO SERVICE PCL ,903,THAILAND
TH0120010Y07,ERAWAN GROUP PCL ,904,THAILAND
TH9436010002,ASSET WORLD CORP PCL ,905,THAILAND
TH0664010Z03,AEON THANA SINSAP ,906,THAILAND
TH7462010003,BANPU POWER PCL ,907,THAILAND
TH0023010000,BANK OF AYUDHYA PCL ,908,THAILAND
TH0001010006,BANGKOK BANK LIMITED ,909,THAILAND
TH9479010000,BANGKOK COMMERCIAL ,910,THAILAND
TH0808010Y07,BANGKOK CHAIN HOSP ,911,THAILAND
TH7411010005,BCPG PCL ,912,THAILAND
TH0420010Y01,BANGCHAK CORPORATIO ,913,THAILAND
TH0264A10Z04,BANGKOK DUSIT PCL ,914,THAILAND
TH0592010Z06,BEC WORLD PCL ,915,THAILAND
TH6999010007,BANGKOK EXPRESSWAY ,916,THAILAND
TH7545010004,BGRIMM POWER PCL ,917,THAILAND
TH0168A10Z01,BUMRUNGRAD HOSPITAL ,918,THAILAND
TH0002010Z06,BERLI JUCKER PCL ,919,THAILAND
TH0148A10Z06,BANPU PCL ,920,THAILAND
TH6066010005,CARABAO GROUP PCL ,921,THAILAND
TH0176B10Z00,CENTRAL PLAZA HOTEL ,922,THAILAND
TH4539010Z03,CHULARAT HOS ,923,THAILAND
TH0671010Z08,MAJOR CINEPLEX GROUP ,924,THAILAND
TH4536010Z09,CK POWER PCL ,925,THAILAND
TH0101A10Z01,,926,THAILAND
TH0481B10Z00,CENTRAL PATTANA PCL ,927,THAILAND
TH0737010Y08,CP ALL PCL ,928,THAILAND
TH9597010007,CENTRAL RETA ,929,THAILAND
TH9301010004,DOHOME PCL ,931,THAILAND
TH0465010005,ELECTRICITY GENERAT ,932,THAILAND
TH3545010003,ENERGY ABSOLUTE PCL ,933,THAILAND
TH6128010001,EASTERN POLYMER ,934,THAILAND
TH0975010008,BANGCHAK SRIRACHA ,935,THAILAND
TH0297010Z02,GFPT PCL ,936,THAILAND
TH6488010005,GLOBAL POWER ,937,THAILAND
TH1041010Z03,GUNKUL ENGIN ,938,THAILAND
TH8319010Z06,GULF ENERGY DEVEL ,939,THAILAND
TH0324B10Z01,HANA MICROELECTRONIC ,940,THAILAND
TH0661010007,HOME PRODUCT CENTER ,941,THAILAND
TH1027010004,INDORAMA VENTURES ,942,THAILAND
TH0418G10Z03,JASMINE INT'L PCL ,943,THAILAND
TH3925010Z05,JMT NETWORK ,944,THAILAND
TH0530010Z06,CH. KARNCHANG PUBLIC ,945,THAILAND
TH0122C10Z04,KCE ELECTRONICS ,946,THAILAND
TH0121010001,KIATNAKIN BANK ,947,THAILAND
TH0689010Z00,KRUNGTHAI CARD ,948,THAILAND
TH0150010Z03,KRUNG THAI BANK PCL ,949,THAILAND
TH0143010Z08,LAND AND HOUSES ,950,THAILAND
TH0429010Z01,CP AXTRA PCL ,951,THAILAND
TH4984010009,MEGA LIFESCIENCES ,952,THAILAND
TH6068010Y02,MUANGTHAI CAPITAL ,953,THAILAND
TH0083B10Z02,THANACHART CAPITAL ,954,THAILAND
TH6789010001,ORIGIN PROP ,955,THAILAND
TH8752010000,OSOTSPA PCL ,956,THAILAND
TH0617A10Z08,AMATA CORPORATION ,957,THAILAND
TH0308010Y08,AP THAILAND PCL ,958,THAILAND
TH6253010008,PLAN B MEDIA PCL ,959,THAILAND
TH7595010003,PRUKSA HOLDING ,960,THAILAND
TH4547010009,PTG ENERGY PCL ,961,THAILAND
TH0646010Z00,PTT PCL ,962,THAILAND
TH0355A10Z04,PTT EXPLORATION ,963,THAILAND
TH1074010006,PTT GLOBAL CHE ,964,THAILAND
TH0256A10Z04,QUALITY HOUSES PCL ,965,THAILAND
TH0637010Y00,RATCH GROUP PCL ,966,THAILAND
TH9451010002,R&B FOOD SUPP ,967,THAILAND
TH0128B10Z09,MINOR INTERNATIONAL ,968,THAILAND
TH0697010Z03,RATCHTHANI LEASING ,969,THAILAND
TH0577C10Z04,SANSIRI ,971,THAILAND
TH0015010000,SIAM COMMERCIAL ,972,THAILAND
TH0003010Z04,SIAM CEMENT PCL ,973,THAILAND
TH0991010008,SIAM GLOBAL ,974,THAILAND
TH0201A10Y01,INTOUCH HOLDINGS PCL ,975,THAILAND
TH0371010Z05,SUPALAI PUBLIC CO ,976,THAILAND
TH0833010Y05,SUPER ENERGY ,977,THAILAND
TH6838010002,STAR PETROL ,978,THAILAND
TH9829010Z03,SRI TRANG GLOVES ,979,THAILAND
TH0254A10Z06,SRI TRANG AGRO-INDUS,980,THAILAND
TH0307010Z09,SINO THAI ENG ,981,THAILAND
TH5456010Y00,SRISAWAD CORP ,982,THAILAND
TH0554010Z06,TOTAL ACCESS ,983,THAILAND
TH0245010002,THAI AIRWAYS INT'L ,984,THAILAND
TH0221B10Z05,BTS GROUP HOLDINGS ,985,THAILAND
TH6927010004,TAOKAENOI FOOD ,986,THAILAND
TH0961010Y04,TTW PCL ,987,THAILAND
TH0016010009,KASIKORNBANK PLC ,988,THAILAND
TH0796010005,THAI OIL PCL ,989,THAILAND
TH0219010Z06,TIPCO ASPHALT PCL ,990,THAILAND
TH0999010Z03,TISCO FINANCIAL ,991,THAILAND
TH0068010Z07,TMB BANK PCL ,992,THAILAND
TH8193010007,TOA PAINT THAILAN ,993,THAILAND
TH0471010Y04,IRPC PCL ,994,THAILAND
TH7534010007,TPI POLENE POWER PCL ,995,THAILAND
TH0375010Z06,TRUE CORP PCL ,997,THAILAND
TH0450010Y08,THAI UNION GROUP ,998,THAILAND
TH0209010Z07,THAI VEGETABLE OIL ,999,THAILAND
TH3740010Y09,VGI PC ,1000,THAILAND
TH3871010Z01,WHA CORPORATION ,1001,THAILAND
TH7846010Z09,WHA UTILITIES AND ,1002,THAILAND
SG1BA1000003,AEM HOLDINGS LTD ,1003,SINGAPORE
SG1M77906915,CAPITALAND ASCENDAS ,1004,SINGAPORE
SG1V35936920,CAPITALAND ,1005,SINGAPORE
SG1M49904634,THOMSON MEDICAL ,1006,SINGAPORE
SG1T88932077,BUKIT SEMBAWANG ,1008,SINGAPORE
SG2E67980267,BUMITAMA AGRI LTD ,1009,INDONESIA
SG1T70931228,ESR-REIT,1010,SINGAPORE
SG1M51904654,CAPITALAND IN ,1011,SINGAPORE
SG1T66931158,CDL HOSPITALITY ,1012,SINGAPORE
SG1T06929205,CHINA AVIATION OIL ,1013,SINGAPORE
SG1U48933923,KEPPEL INFRASTRUCTUR ,1014,SINGAPORE
SG1R89002252,CITY DEVELOPMENTS ,1015,SINGAPORE
SG1N31909426,COMFORTDELGRO CORP ,1016,SINGAPORE
SG1S76928401,COSCO SHI ,1017,SINGAPORE
SG1U25933169,CAPITALAND CHINA ,1018,SINGAPORE
SG1G47869290,CSE GLOBAL LTD ,1019,SINGAPORE
SG1B51001017,JARDINE CYCLE ,1020,SINGAPORE
SG1J27887962,CAPITALAND LIMITED ,1021,SINGAPORE
SG1L01001701,DBS GROUP HOLDINGS ,1022,SINGAPORE
SG1T56930848,WILMAR INTERNATIONAL ,1023,SINGAPORE
SG1R95002270,GUOCOLAND LTD ,1024,SINGAPORE
SG2F08984575,,1025,SINGAPORE
SG1T58930911,FRASER & NEAVE LTD ,1026,SINGAPORE
SG2G52000004,FRASERS PROPERTY LTD ,1027,SINGAPORE
SG1T60930966,FRASERS CENTRE ,1028,SINGAPORE
SG1AA5000001,FRASERS HOSPITALITY ,1029,SINGAPORE
SG1W35938974,FIRST RESOURCES ,1030,SINGAPORE
KYG3488W1078,FIRST SPONSOR ,1031,SINGAPORE
SG1I55882803,GREAT EASTERN HLDGS ,1032,SINGAPORE
SGXE21576413,GENTING SINGAPORE ,1033,SINGAPORE
MU0117U00026,GOLDEN ,1034,SINGAPORE
SG1H41875896,HO BEE LAND LTD ,1035,SINGAPORE
SG1D25001158,HAW PAR CORPORATION ,1036,SINGAPORE
SG2P14002527,HOTEL PROPERTIES LTD ,1037,SINGAPORE
SG1AB9000005,JAPFA LTD ,1038,SINGAPORE
SG1AF6000009,KEPPEL DC REIT ,1040,SINGAPORE
SG1U68934629,KEPPEL LTD ,1041,SINGAPORE
SG1J21887414,UOB-KAY HIAN,1042,SINGAPORE
SG1T22929874,KEPPEL REIT ,1043,SINGAPORE
SG2C32962814,MAPLETREE INDUSTRIAL ,1044,SINGAPORE
SG2F55990442,MAPLETREE NORTH ,1045,SINGAPORE
SG2D63974620,AIMS APAC REIT ,1046,SINGAPORE
SG1S03926213,MAPLETREE LOGI ,1047,SINGAPORE
SG2D18969584,MAPLETREE COM ,1048,SINGAPORE
SG1DH9000006,NETLINK NBN TRUST ,1049,SINGAPORE
BMG6542T1505,NOBLE GROUP LIMITED ,1050,HONG KONG
SG1S04926220,OVERSEA-CHINESE,1051,SINGAPORE
SG2G60000004,OUE REAL ESTATE ,1052,SINGAPORE
SG1Q75923504,OLAM INTERNATION ,1053,SINGAPORE
SG2B80958517,OUE LTD ,1054,SINGAPORE
SG2F25986140,OXLEY HOLDINGS LTD ,1055,SINGAPORE
SG1Q25921608,DELFI LTD ,1056,SINGAPORE
SG1V52937132,PARKWAY LIFE REAL ,1057,SINGAPORE
SG1S18926810,STARHILL GLOBAL REIT ,1058,SINGAPORE
SG1CH4000003,RAFFLES MEDICAL ,1059,SINGAPORE
SG1U22933048,RIVERSTONE HLDGS ,1060,SINGAPORE
SG1V61937297,SINGAPORE AIRLINES ,1061,SINGAPORE
SG1ED2000000,SASSEUR REAL ,1062,SINGAPORE
SG1I52882764,SATS LTD ,1063,SINGAPORE
SG1R50925390,SEMBCORP INDUSTRIES ,1064,SINGAPORE
SG1P66918738,SINGAPORE PRESS HLDG ,1065,SINGAPORE
SG1I53882771,SIA ENGINEERING CO ,1066,SINGAPORE
SG1F58858209,SBS TRANSIT LTD ,1067,SINGAPORE
SG1M04001939,HONG LEONG FINANCE ,1068,SINGAPORE
SG1N89910219,SINGAPORE POST LTD ,1069,SINGAPORE
SG1J26887955,SINGAPORE EXCHANGE ,1070,SINGAPORE
SG2G02994595,PARAGON REIT ,1071,SINGAPORE
SG2D54973185,SHENG SIONG ,1072,SINGAPORE
SG1V12936232,STARHUB LTD ,1073,SINGAPORE
SG1F60858221,SINGAPORE TECH ,1074,SINGAPORE
SG1Q52922370,SUNTEC REAL ESTATE ,1075,SINGAPORE
SG1T75931496,SINGAPORE TELECOM ,1076,SINGAPORE
TH0902010014,THAI BEVERAGE ,1077,THAILAND
SG1K37001643,SINGAPORE LAND ,1078,SINGAPORE
SG1S83002349,UOL GROUP LTD ,1079,SINGAPORE
SG1M31001969,UNITED OVERSEAS BANK ,1080,SINGAPORE
SG0531000230,VENTURE CORP ,1081,SINGAPORE
SG1K66001688,WING TAI HLDGS LTD ,1082,SINGAPORE
SG1T57930854,YANLORD LAND GRP ,1083,SINGAPORE
TW0002345006,ACCTON TECHNOLOGY ,1084,TAIWAN
TW0001102002,ASIA CEMENT ,1085,TAIWAN
TW0002409000,AUO CORP ,1086,TAIWAN
TW0002395001,ADVANTECH CO LTD ,1087,TAIWAN
TW0003711008,ASE TECHNOLOGY ,1088,TAIWAN
TW0002352002,QISDA CORP ,1089,TAIWAN
TW0003682001,ASIA PACIFIC TELE ,1090,TAIWAN
TW0002353000,ACER INC ,1091,TAIWAN
TW0005269005,ASMEDIA TECH ,1092,TAIWAN
TW0002357001,ASUSTEK COMPUTER INC ,1093,TAIWAN
TW0002610003,CHINA AIRLINES LTD ,1094,TAIWAN
TW0006147002,CHIPBOND TECH CORP ,1095,TAIWAN
TW0002392008,CHENG UEI PRECISION ,1096,TAIWAN
TW0002882008,CATHAY FINANCIAL ,1097,TAIWAN
TW0002883006,KGI FINANCIAL ,1098,TAIWAN
TW0002801008,CHANG HWA BANK ,1099,TAIWAN
TW0002412004,CHUNGHWA TELECOM ,1100,TAIWAN
TW0002891009,CTBC FINANCIAL HOLD ,1101,TAIWAN
TW0002385002,CHICONY ELECTRONICS ,1102,TAIWAN
TW0002362001,CLEVO CO ,1103,TAIWAN
KYG202881093,CHAILEASE HOLDING ,1104,TAIWAN
TW0002360005,CHROMA ATE INC ,1105,TAIWAN
TW0002204005,CHINA MOTOR ,1106,TAIWAN
TW0002323003,CMC MAGNETICS CORP ,1107,TAIWAN
TW0002823002,CHINA LIFE INSURAN ,1108,TAIWAN
TW0002324001,COMPAL ELECTRONIC ,1109,TAIWAN
TW0001314003,CHINA PETROCHEMICAL ,1110,TAIWAN
TW0006005002,CAPITAL SECURITIES ,1111,TAIWAN
TW0002105004,CHENG SHIN RUBBER ,1112,TAIWAN
TW0002002003,CHINA STEEL CORP ,1113,TAIWAN
TW0002886009,MEGA FINANCIAL ,1114,TAIWAN
TW0002474004,CATCHER TECHNOLOGY ,1115,TAIWAN
TW0005371009,CORETRONIC CORP ,1116,TAIWAN
TW0002308004,DELTA ELECTRONIC IND ,1117,TAIWAN
TW0002618006,EVA AIRWAYS CORP ,1118,TAIWAN
TW0001476000,ECLAT TEXTILE CO ,1119,TAIWAN
TW0002607009,EVERGREEN INTL STOR ,1120,TAIWAN
TW0002393006,EVERLIGHT ELECTRONIC ,1121,TAIWAN
TW0002383007,ELITE MATERIAL CO ,1122,TAIWAN
TW0002884004,E SUN FINANCIAL HLDG ,1123,TAIWAN
TW0001717007,ETERNAL MATERIAL ,1124,TAIWAN
TW0002603008,EVERGREEN MARINE ,1125,TAIWAN
TW0002903002,FAR EAST DEPT STORES ,1126,TAIWAN
TW0004904008,FAR EASTONE TELECOM ,1127,TAIWAN
TW0002845005,FAR EASTERN INT'L BK ,1128,TAIWAN
TW0009910000,FENG TAY ENTERPRIS ,1129,TAIWAN
TW0001402006,FAR EASTERN ,1130,TAIWAN
TW0002015005,FENG HSIN STEEL ,1131,TAIWAN
TW0002892007,FIRST FINAN HLDG CO ,1132,TAIWAN
TW0002707007,FORMOSA INTL HOTELS ,1133,TAIWAN
TW0002354008,FOXCONN TECHNOLOGY ,1134,TAIWAN
TW0001326007,FORMOSA CHEMICALS ,1135,TAIWAN
TW0006505001,FORMOSA PETROCHE ,1136,TAIWAN
TW0001301000,FORMOSA PLASTIC ,1137,TAIWAN
TW0002885001,YUANTA FINANCIAL ,1138,TAIWAN
TW0001434009,FORMOSA TAFFETA CO ,1139,TAIWAN
TW0002881000,FUBON FINANCIAL ,1140,TAIWAN
TW0009921007,GIANT MANUFACTURING ,1141,TAIWAN
TW0006488000,GLOBALWAFERS CO LTD ,1142,TAIWAN
TW0006116007,HANNSTAR DISPLAY ,1143,TAIWAN
TW0002498003,HTC CORPORATION ,1144,TAIWAN
TW0002049004,HIWIN TECHNOLOGIES ,1145,TAIWAN
TW0002880002,HUA NAN FINANCIAL ,1146,TAIWAN
TW0002542008,HIGHWEALTH CONSTR ,1147,TAIWAN
TW0002317005,HOU HAI PRECISION ,1148,TAIWAN
TW0002207008,HOTAI MOTOR COMPANY ,1149,TAIWAN
TW0003481008,INNOLUX CORP ,1150,TAIWAN
TW0002356003,INVENTEC CORP ,1151,TAIWAN
TW0009933002,CTCI CORP ,1152,TAIWAN
TW0003189007,KINSUS INTERCONNECT ,1153,TAIWAN
TW0002449006,KING YUAN ELECTRO ,1154,TAIWAN
TW0002301009,LITEON TECHNOLOGY ,1155,TAIWAN
TW0003008009,LARGAN PRECISION CO  ,1156,TAIWAN
TW0002337003,MACRONIX INT'L ,1157,TAIWAN
TW0002454006,MEDIATEK INC ,1158,TAIWAN
TW0002439007,MERRY ELECTRONICS ,1159,TAIWAN
TW0009914002,MERIDA INDUSTRY CO ,1160,TAIWAN
TW0005522007,FARGLORY LAND ,1161,TAIWAN
TW0006244007,MOTECH IND INC ,1162,TAIWAN
TW0001477008,MAKALOT INDUSTRIAL ,1163,TAIWAN
TW0002377009,MICRO-STAR INT'L,1164,TAIWAN
TW0002101003,NAN KANG RUBBER TIRE ,1165,TAIWAN
TW0008464009,NIEN MADE ENTER ,1166,TAIWAN
TW0003034005,NOVATEK MICROELECT ,1167,TAIWAN
TW0001303006,NAN YA PLASTIC ,1168,TAIWAN
TW0002408002,NANYA TECHNOLOGY ,1169,TAIWAN
TW0004174008,OBI PHARMA INC ,1170,TAIWAN
TW0001710002,ORIENTAL UNION CHEM ,1171,TAIWAN
TW0008046004,NAN YA PRINTED CIR ,1172,TAIWAN
TW0009904003,POU CHEN CORP ,1173,TAIWAN
TW0002912003,PRESIDENT CHAIN ,1174,TAIWAN
TW0004938006,PEGATRON CORP ,1175,TAIWAN
TW0008299009,PHISON ELECTRONICS ,1176,TAIWAN
TW0003227005,PIXART IMAGING INC ,1177,TAIWAN
TW0006239007,POWERTECH TECHNOLOGY ,1178,TAIWAN
TW0001216000,UNI-PRESIDENT ENTERP,1179,TAIWAN
TW0008069006,E INK HOLDINGS INC ,1180,TAIWAN
TW0004915004,PRIMAX ELECTRONICS ,1181,TAIWAN
TW0002382009,QUANTA COMPUTER ,1182,TAIWAN
TW0002379005,REALETK SEMICONDUCTR ,1183,TAIWAN
TW0006176001,RADIANT OPTO ELECTR ,1184,TAIWAN
TW0009945006,RUENTEX DEVELOPMENT ,1185,TAIWAN
TW0002915006,RUENTEX INDUSTRIES ,1186,TAIWAN
TW0005483002,SINO-AMERICAN SILI,1187,TAIWAN
TW0003023008,SINBON ELECTRONICS ,1188,TAIWAN
TW0002890001,SINOPAC FIN HLDGS ,1189,TAIWAN
TW0001227007,STANDARD FOODS CORP ,1190,TAIWAN
KYG3808R1011,GENERAL INTERFAC ,1191,TAIWAN
TW0002888005,SHIN KONG FINANCIAL ,1192,TAIWAN
TW0006121007,SIMPLO TECHNOLOGY ,1193,TAIWAN
TW0001789006,SCINOPHA ,1194,TAIWAN
TW0005876007,SHANGHAI COMMERC ,1195,TAIWAN
TW0001565000,ST SHINE OPTICAL CO ,1196,TAIWAN
TW0002347002,SYNNEX TECHNOL INTL ,1197,TAIWAN
TW0003376000,SHIN ZU SHING CO ,1198,TAIWAN
TW0009917005,TAIWAN SECOM ,1199,TAIWAN
TW0002371002,TATUNG CO ,1200,TAIWAN
TW0005880009,TAIWAN COOPERATIVE ,1201,TAIWAN
TW0004147004,TAIMED BIOLOGICS INC ,1202,TAIWAN
TW0003045001,TAIWAN MOBILE ,1203,TAIWAN
TW0002451002,TRANSCEND INFORM ,1204,TAIWAN
TW0001101004,TCC GROUP HOLD ,1205,TAIWAN
TW0001504009,TECO ELECTRIC MA ,1206,TAIWAN
TW0001802007,TAIWAN GLASS IND ,1207,TAIWAN
TW0002006004,TUNG HO STEEL ENTERP ,1208,TAIWAN
TW0002633005,TAIWAN HIGH SPEED ,1209,TAIWAN
TW0002887007,TAISHIN FINANCIAL ,1210,TAIWAN
TW0001722007,TAIWAN FERTILIZER ,1211,TAIWAN
TW0001440006,TAINAN SPINNING ,1212,TAIWAN
KYG898431096,TPK HOLDING CO LTD ,1213,TAIWAN
TW0003044004,TRIPOD TECHNOLOGY ,1214,TAIWAN
TW0002330008,TAIWAN SEMI ,1215,TAIWAN
TW0002103009,TSRC CORP ,1216,TAIWAN
TW0006274004,TAIWAN UNION TECH ,1217,TAIWAN
TW0002834009,TAIWAN BUSINESS ,1218,TAIWAN
TW0008436007,TCI CO ,1219,TAIWAN
TW0002606001,U-MING MARINE TRANSP,1220,TAIWAN
TW0002303005,UNITED MICRO ELECTRO ,1221,TAIWAN
TW0005347009,VANGUARD ,1222,TAIWAN
TW0006409006,VOLTRONIC POWER ,1223,TAIWAN
TW0001605004,WALSIN LIHWA CORP ,1224,TAIWAN
TW0002615002,WAN HAI LINES LTD. ,1225,TAIWAN
TW0002344009,WINBOND ELECTRONIC ,1226,TAIWAN
TW0006669005,WIWYNN CORP ,1227,TAIWAN
TW0003702007,WPG HOLDINGS LIMITED ,1228,TAIWAN
TW0003105003,WIN SEMICONDUCTORS ,1229,TAIWAN
TW0003231007,WISTRON ,1230,TAIWAN
TW0002492006,WALSIN TECHNOLOGY ,1231,TAIWAN
TW0003037008,UNIMICRON TECH ,1232,TAIWAN
TW0002327004,YAGEO CO ,1233,TAIWAN
TW0002609005,YANGMING MARINE TRAN ,1234,TAIWAN
TW0003622007,YOUNG FAST ,1235,TAIWAN
TW0002201001,YULON MOTOR ,1236,TAIWAN
